x,Error Rate,MSE
5,0,0
6,46.43350146004819,1.5054419962835148
7,45.15042916556077,1.4430581364481017
8,44.219538093974116,1.4149190337138309