x,Error Rate,MSE
7,44.55711883904127,1.7432970533581098
8,44.93097955933155,1.7616140164587204
